Comment;Label_Hasil_prediksi
satu foto lorong satu korban elektabilitas;negatif
ngomong ngomong filosofi filanesia apa;negatif
wakakakakaka;negatif
jangan pake diksi latih timnas negara besar asal negara sama dong kiblat sepakbola dunia wajar stok latih banyak liat contoh negara langgan piala dunia non eropa latin banyak kok asal bukan negara asal sebut;positif
sumpah diskusi paling keren soal bola indonesia;positif
cari aman banget sih botak satu kalaupun indonesia gagal mending gagal tang sty gak bakal kecewa botak so tau;negatif
kosong stadion tanding timnas cuma manfaatin suporter jual tiket ludes cuan bagi2;positif
justin si plin plan banyak omong;negatif
timnas korsel latih korsel gagal sty latih portugal gagal paolo the bento latih jerman gagal jurgen klinsman kapan belanda juara sama latih lokal apa prestasi belanda latih latih lokal narasi amburadul justin manusia cari suaka;positif
tuju sih sama koci kali btul cohc;negatif
si botak mencla menclee njirrrrr;negatif
ko korban bukan korban harap baik bodoh depan mata bodoh bodoh pimpin rombak hasil ud d trek yg benar ganti yg blm pernah uji ajang jelas pintar luar nalar ad lobi luar jadi jelas mundurrrr jentel pimpin apa;positif
dasi pink emang ngomong realita banyak hambat organisasi emang lebih muda pikir progresif orang luar dasi pink pimpin organisasi kalau tar kayak gin gin aja terus;positif
gak gitu bang fer jepang ekosistem emang udah jalan emang bina mulai sekolah fasilitas baik oke kayak kata lu kompetisi jepang jalan level dasar nasional prefektur indonesia punya bang o2sn olimpiade olahraga siswa nasional level sekolah sd sma kabupaten nasional fls2n festival lomba seni sastra siswa nasional sama jenjang praktek gak unsur bina gak fasilitas baik sekolah indonesia tau sendiri gimana fasilitas praktek gak unsur bina kalau indonesia cuma buat neng lihat paling lama siap siswa buat o2sn sama fls2n paling lama cuma beberapa bulan doang beda jepang mana wadah ekstrakurikuler unsur bina sedang indonesia asal aja;positif
pange;negatif
izin putar coach justin sering langsung gak lamgsung jadi masalah coach justin benar kritis objektif sering kali benar milik ego besar tiap kali benar makin kuat ego quot lebih pintar quot buat diri benar benar quot humble quot beri selalu rasa diri quot rakyat jelata quot apresiasi usaha rendah buat apa usaha tetap ceplas ceplos gak saring mana mohon maaf beliau cukup sering arah publik hingga bahkan beberapa kali undang pssi diskusi quot rakyat jelata quot mana punya akaes satu sisi semua orang punya karakteristik attitude tetap attitude orang pintar mana ejek orang quot iq quot quot ternak ternak quot mohon maaf sekal gapapa ceplos jadi biasa sama sekali adab tunjuk bijaksana lalu alam dewasa;positif
total football kuno sekarang ngak total football cuma johan cruyff jadi main titik;positif
tombol dislike mana;negatif
gua bingung gua lebih respect coach justin trifelas banding statment nya luar sana;negatif
kayak cape verde ga perlu bincang rumit deh lolos pildun asal pemain2 jago latih nya cocok federasi dukung hasil nya udah deh otw pildun sayang nya negeri terlalu banyak penting udah pemain2 full abroad aja rungkat;positif
bshsyshd;negatif
udah bang si botak muka;negatif
sty kalau buat senior jelek contoh ulsan hd menang tanding;positif
pas ngomongin et koci panik wkwkwk cuci tangan yg bersih kuch jadi jubir;negatif
mhon maaf om justin om abis hampir smua patahin sm ari ferry om bnyak poin gk bsa balas argumen ferry akhir mngakui msh mau dengar om man teman;negatif
episode baik sih;negatif
turut ku emang indonesia pantas masuk piala dunia mau latih siapa tetep gagal piala dunia kalau piala dunia mimpi siang bolong kalau lolos piala dunia;negatif
lihat poin lawan arab petrok nya minim alam tak nilai pilih main apa mau biar makan gaji buta malu asia silah angkat koper justin suruh anterin;positif
tahan coach patrick iya kali udah gagal memang pssi exco gak target utk lolos gitu gak lolos coach pk pecat coach pk timnas gak mungkin laju round banyak diaspora yg justru gak mau main bela timnas kepala batu sty meski sty latih yg jasa utk timnas masa udah habis tunjuk coach pk memang nilai kurang tepat utk urus komposisi maupun strategi situ byk main diaspoara yg gabung justru tarik minat utk bela timnas kini nasi udah jadi bubur bayar kompensasi coach pk lebih baik pssi expo tetap lanjut projeknya sama coach pk hingga kontrak akhir sekian;positif
ratu tisha pliss coach waketum suara;positif
lucu si ferry udah punya chanel sendiri subs 2m eh malah bikin baru sekarang ngemis subs liat noh si botak dedy corbuzier program dy masuk chanel deddy corbuzier hasil konten sampah indra frimawan aja dapet views 1m loh;negatif
belanda this belanda that lama2 enek wkwkw belanda jg cmn ampir2 doang banyak level inter;negatif
gatel sumpah jari nih dengerin yah koci ku cinta timnas proyeksi tahun depan klo g kiamat hadir diaspora tngah2 main timnas cepat istilah satset buka peluang karna awal g yg expect smpai titik nih yah cara seluruh depan mungkin trgantung pda diaspora mungkin main lokal pointnyah sini indonesia kuat dlm lari jaman sepakbola firaun filosofi yg paling tepat yh main counter press knp sty ama nova cocok tiap bakat main yg lahir indonesia bagus dlm lari bukan dlm pegang bola apalgi total football nih yh buat tahun g main lokal smua diaspora bakat lari darah daging sepakbola indo bhkan asia jadi filspi sty jalan klo koci liat deh coch nova main knp bgtu cocok aneh ngomongin filosopi tpi gk tau indonesia kya gmn klo mau nerapin diaspora mulai umur tahun tpi proyek buat anak negri k depan gantung diaspora begtulah kira2 koci ku sayang;positif
buat gue selalu tanya quot progress shin tae young pecat tengah proses;positif
emg boomer tak tahu malu;negatif
ndak usah ngomongin filosofi2 passing stamina baik dulu baru ngomongin filosofi;positif
erick tohir kan gak lama jadi ketua pssi bukan kontrak et pssi cuma sampe;positif
makin luas cuci tangan awkoakwaokwao;negatif
jangan tonton justin;negatif
latih timnas inggris skrg org jerman woyyy;positif
ujung koci cuma bela diri eek jd bodoh sini kompensasi bayar aja apa susah duit pssi banyak kompensasi sty kan bayar napa bingung;positif
suara justinus terlalu berisik;negatif
gak lah pk mundur udah kontrak kalau pecat bayar kompensasi yg besar;negatif
teori gin c klo sty balik bawa gagal mlah jd hujat biarin sty jadi history cerita masa depan klo patrik tetep out c;positif
suka podcast lama orang nya 3orang timbang nya berat kiri kanan;positif
ngaco bodoh justin ga apple to apple kalau indonesia banding dgn inggris jerman italia sepanyol negara yg pernah jadi juara minimal masuk empat final sdngkan blm pernah masuk pildun samain dgn negara kamerun thn masuk empat final latih valery rusia ga bahasa inggris ga tau budaya kamerun latih arab saudi banyak negara negara kecil sepakbola banyak latih bukan negara;positif
sty in;positif
si botak si botak pundit yg keruh sepakbola indonesia;negatif
orang plinplan ajak podcast;positif
buat aja kayak pocari sweet futsal axis buat kayak gitu;positif
sini tum federasi sepakbola minta influenser ganti latih timnas beliau konter statment yg buat sendiri statment lai yg buat;positif
buat versi head to head lengkap nilai numerik masing masing skill lalu hitung total rata rata chat gpt buat skala tiap job desk head to head shin tae yong vs patrick kluivert skor rencana amp strategi tim shin tae yong patrick kluivert kembang main shin tae yong patrick kluivert manajemen tim amp pimpin shin tae yong patrick kluivert siap fisik amp kondisi mental shin tae yong patrick kluivert rekor hasil amp kualifikasi shin tae yong patrick kluivert hubung media amp representasi shin tae yong patrick kluivert taktik game management shin tae yong patrick kluivert mentalitas amp motivasi main shin tae yong patrick kluivert kelola data amp analisis lawan shin tae yong patrick kluivert total nilai rata rata shin tae yong patrick kluivert jumlah job desk rata rata shin tae yong rata rata patrick kluivert simpul shin tae yong unggul hampir semua aspek strategi kembang main manajemen tim analisis lawan patrick kluivert punya potensi pimpin komunikasi implementasi batas utama kembang main hasil laga;positif
udah ganti latih kelas dunia capello sajahhhh;negatif
mau king indo nya menang terus;negatif
hadap ferry ama mamat koci cuman aki2 belanda asbun doang;negatif
yaah fc kirain e football;positif
panas panas panas;negatif
gak yg mau dengerin lu couch lu mau d ludahin greg nooh;negatif
tim dulu bantai sama coach nova;positif
belanda yg diagung2kan sama si botak malah g pernah jd juara dunia wkwkwkwk makan tu total football;negatif
biasa habis makan cuci tangan adik adik botol botaktolol;negatif
kolcar kalcer kolcar kalcer;negatif
ayo lah juta suscriber nya biar liga2 yg makin buka peluang pemain2 yg gak punya uang maju bela timnas;negatif
prestasi so so elu prestasi nya apa cil klo bawah so so wkwk;positif
jaman sepak bola modern fokus satu filosofi total football kuasa bola serang balik peran latih sty jalan walaupun lebih dominan conter attack hadap tim kuat;positif
yuk bang benah lima semua cabang masuk basket;positif
bener kata japan temu sendiri gaya maen karna mustahil masuk piala dunia kalau ga identitas main yg paling masuk akal main low block bek tahun pertama lanjut ubah bek main low block kalau lawan lebih hebat atas cara dmf masuk cb jadi bek karna apa tahun pertama pakai bek biasa main disiplin fisik disiplin passing disiplin transisi karna main ga disiplin jadi budaya tahun bahkan mungkin kurang tahun nah biasa jadi budaya atlet atlet disiplin baru gerak bek karna bek bener bener focus lengah sedikit embat counter lawan;positif
justin tua bacot;negatif
mundur bukan budaya indonesia hidup et hidup pk;positif
sangon pk 40m 100jt orang gemar timnas 400perak orang lengkap orang patungan buat sekali bayar latih baru sederhana kan simple gerak yookkk;positif
mampus kau koci orang temen lu pinter mancing;negatif
jastin plinplan awal agul pk dkk sekarang ngomongny mau ngomong ngalor ngidul lu tu nol jastin;negatif
total football butuh fisik kuat menit aja fisik ancur era kupret;positif
semangat koci bg ferry lurus mindset orang quot indonesia timnas indonesia;positif
pake filosofi bunglon aja napa jd lawan siapa aja adaptasi gmn koci;positif
lawan cina msh bagus kok walaupun tom blm maen tengah aman ivar natan emg blm hokky caraka aja pas lawan arab bener bener ancur sih tengah cek cina vs indo bandigin sama lawan arab;negatif
kalo filosofi sepak bola portugal grasa grusu rebut bola kalo filosofi sepak bola indonesia sopan santun ga enak bola dah kaki lawan jd enak kalo merebutx;positif
mantap;positif
ngundang mbah justin hooekkk;negatif
bacottt luhhh jastien g neng pecat2 tp sty kau freming ahirnya pecat;negatif
rasain lho koci opo kunci lha kena orang pinter ngomong;negatif
si botak lgi cuci tangan sang judi handal yg paling pahaam budaya belanda;negatif
percuma bos main bola konsep pilosopi yg penting maen bola mah menang strategi yg bagus;positif
sekarang serius sy kok ga nangkep budaya ciri khas main bola buah negara negara yg kuat2 bola main bagus aja teknik dasar pasing shooting dasar masuk scanning visi main read the game jadi kalau mau betulin tekan teknik dasar lalu latih mental tiap klub;positif
habis makan cuci tangan yg koci botak total football gagal total;negatif
tahun lalu ga punya mimpi piala dunia sekali orang yg kasih mimpi pildun orang pecat wkwkwkwk;negatif
dulu tim nas punya lemah sama stamina pola main konsisten aku tuju filosopi total football main kan cuma timnas tetap pola main tetap jadi konsisten benar timnas butuh tetap pola aja main pola tahan serang konsisten main pola lah landas pilih karakter latih main bagai landas latih kemarin sty trik pola nya jomplang sekali pola arti ubah nya terlalu exstrim jadi main sulit adaptasi gitu maaf bukan mau guru pikir kira kira;positif
tak tuju maen pecat la yg kmaren sampe busa busa cong or buat mecat persetaaaaan;negatif
edannn tiga tiga enak semua dengar sama sama faham apa bicara edannn pundit nomor dunia;positif
udahlah jangan ganti2 trs kapan jadi klo ganti latih trs inie bola negara hebat apa bola klo kalah yah kalah dewasa;positif
total football is total bullsh t passing2 kek ayam pala belanda kek pernah juara pildun ae total football mulu;negatif
justin mending jgn byk alas deh sll ngeles sll maksain gaya belanda mending diem deh nda ush kasih panggung;negatif
diskusi point of view sesuai nama tri fellas netizen;positif
si botak sakit gak nyambung nampak kali bela si trik;negatif
ganti kluivert cari latih dr spayol amerika latin p erick;positif
hahaha netizen yg kena dikit dikitpecat lahh yg kemaren mecat aja siapa banyak yg protes soalpemecatan botak hahah lu ngomong apaansi;negatif
iyaa banyak tempat doi cuci tangan mulut;negatif
sty latih paling bagus dunia sangking bagus baru match pegang klub korea udah kena pecat wkwkk woy netizen sadar;negatif
benar si justin udah sesat kata kata sendiri;negatif
coach justin orang suka banget cuci tangan jadi cek rumput dah lihat masuk kubu mana orang ngomong dimintain ngeles aja endorse binomo sama tuh ngeles;negatif
inggris sekarang sama thomas tuchel cochin;netral
gin tin diaspora turun indonesia besar blanda inget darah indonesia tubuh jelas dong punya ikat indonesia jadi biar ajar kultur budaya nenek moyang gaya main indonesia tepat asia bukan malah budaya belanda bawa kesini;positif
iklan mulu bgst;negatif
erik tohir kaya g tau sepak bola ko plih pltih monoton klau pa erik g tau sepak bola lbih baik mundur aj pssi jngan urusin bola karna bukan maju malh ancur;positif
ibarat kalo punya stand kayak jojo bizzare adventure wakil argumentasi cara pikir stand kochi digebukin sama stand bang ferry bang arie telak;positif
kasihan jastin sisa umur yg tua bangka lihat timnas laga pildun tahun umur saksi timnas laga piala dunia umur tdk bau;negatif
pilih jatuh kluivert karna datang pas interview hari natal kocak bet dah ah masa interview kerja hari libur raya agama banyak yg gak bsa datang lah kocak;positif
sebut nama lat baik belanda tahun atas;negatif
inti bukan berapa besar nama alam siapa bagaimana latih erti baik kurang kurang timnas indonesia;positif
latih belanda tak cocok diasia sistim teknis beda spanyol amerika latin;negatif
rasa omong paling benar skrng bilang pk out cari aman aja biar pamor tetap;negatif
quot tim latih baik quot nyata balik;positif
justin bakal ngedukung sesuai apa suka kayak barca belanda kalo ga suka bakal benci umur hidup;positif
udah koci maju lah pssi no cara alam sepakbola udah lebih thn mantan latih punya koci soccer development member domba militan analisa bagus cukup syarat maju;positif
koci tohir towel trik sama decul;negatif
latih inggris tuchel org jerman latih brazil ancelloti org italia;positif
rasa sebenernya mending alex bizer jadi latih kepala si trik;negatif
video iklan layan masyarakat bagaimana cara cuci tangan baik benar;negatif
baru kali podcasr koci kena tekan wkwkwk;negatif
pecat pecat pecat pk pk bukan latih sejati sepak bola sty sty balikin jadi latih timnas;negatif
ganti ajah pk tp gga usah sty cari yg lbh kualitas;positif
indonesia aman timnas lolos sayang;positif
kalau patrick pecat jesus casas yg anti;negatif
komparasi thn dgn bulan memang ga pas pk ga manfaat legacy sty yg progres naik betul pk pecat cat cat cat titik;negatif
yaa jalan contoh sty gara gara lu recokin aja;negatif
bung towel km bnyk omong urus diri km sendiri p justin jgk jgn bnyk omong lepas anting km dah tua jgk p erik tohir mundur klau px rs malu sombong angkuh p prabowo pecat p erik jadi tri;negatif
feri mau bikin liga kampus gawat pssi mulai senggol;positif
botakkkk biawak;negatif
si botak ngomong seakan2 indonesia harap piala dunia karna total footbal pdhl kan bikin lolos sty yg filosofi bukan total footbal lawak sekali botak emg bener ni org udh kena dutch disease;negatif
kasitau awal pecat patrick kluivert erik tohir kalau si towel si arya sinulingga jadi latih bek percaya sekarang timnas sepak bola indonesia sirna barang;negatif
koci ngebet banget ama total football sampe muak gue dengernya;negatif
baru bener2 percaya goda prestasi sepakbola indonesia bener2 skrg;positif
isuk dele wengi tempe;negatif
hy botak gaya lho aja sok jd latih bagus aja lu aja ngelatih sepak bola ga maju;negatif
udah cocok main counter attack karna punya bek yg kuat yg bener2 kualitas jadi lini belakang benar aman2 aja tahan sempat datang punya sayap2 yg kencang counter klu main total football punya orang yg passing nya kayak tom haye aneh nya lu main total football haye lu cadangin kan aneh;positif
feri pinter tp g paham realita lapang ngomong struktur bagus kaya anis tp lapang bubar semua sukit menganalisa realita masyarakat bau cuan;negatif
latih belanda yah hebat banyak mau interviu pas hari natal cuma pactrik karna naggur abis pecat ketua pssi nya salah ambil bijak gesa gesa lihat latar belakang pactrik cuma karna datang hari malm natal trus pilih arab irak ambil latih tau posisi lawan musuh kalo pactrik biasa eropa eropa ujug ujug asia malah acak acak posisi main bikin skuad timnas nambh rapuh;positif
kalcer kalcer kalcer belanda lo gatot;negatif
botak cuci tangan;negatif
orang paling tanggung jawab kalah timnas indonesia erick thohir punya hak mecat milih latih kan tum pssi;positif
jaman sty ga kata kata sisa ruang buat ikhlas argentina aja gass;positif
objektif kan hak koci mau ngomong latih tahan cabut bimbang balik utama ambil bijak pssi nilai sendiri dengar orang;positif
duga bagn ferry sama bagn ari cuma jadiin podcast jadi quot sarana quot gebrak sama kaya malaka lah;positif
suratin cup u13 u15 sampe u17 ingat baru aja laksana;negatif
mancla mencle;negatif
erik taher copot dr ketua pssi;positif
bicara dengar pssi laku koreksi;positif
karna background main belanda latih belanda wkwkwkkw narasi macam apa;negatif
d maklumin aja si koci dah tuir mungkin dah mulai pikun jd ngasih statement beda tiap podcast;negatif
pep lawan arsenal kemaren tinggal position ball main pragmatis alas sederhana tahu mai kalah kualitas sama arsenal hebat waktu treble gua rasa sty berfikir kaya gitu waktu timnas main serang main pragmatis gantung lawan jd gak over confidence sadar diri sama kualitas main;positif
justin gak ngerti bola modal congor el plin plan;negatif
bentar ambil cemilan dulu;positif
salah lu botak lu standar ganda gak jelas mana arah kemudian terus lu iya quot said yes quot ganti sty padahal lu udah tau waktu krusial makanya lu jan heran publik hate skrg tuju major orang salah satu botak gitu aja gak usah susah susah mikirnya semua orang indonesia raya tau kok;negatif
lu buzzer koci lu yg ngasih saran k erick melek;negatif
et kalau otak elektabilitas kek ngga masuk akal sampe taruh mecat sty masukin pk sisi masyarakat sbnrnya mayoritas ngga mau sty pecat kalau sty gagal masuk pildun kek mnurut gua reaksi masyarakat ngga kecewa ujung quot nya elektabilitasnya ngga parah gagal pildun bareng pk;positif
pakai latih lokal yg bahasa inggris gak;negatif
erik out dah exco nya ratu tisya naik exco nya gantik main main bola legen timnas indonesia contoh bambang pamungkas gonzales andritani markus horizon;positif
coach justin wakil indonesia vs dukung anis;positif
jaman sty staff analisis ibun vip pakai laptop gimana liat nya posisi2 main jaman si gblk kaya nya ngga yg analisis vidio nya babak lawan arab tengah nya ngga sama sekali sampe babak abis mana latih baik nya fix kelas timnas jadi ajang judiii main pertama aja ngga jelas ngga panggil marceng aja udh aneh makah beckam sama klok wkwkw;negatif
ayok rakyat yg rasa cinta donasi uang 5ribu kepala kali 100juta orng aja kan rakyat 350juta lbih 5ribu kali 100juta sdh 500mlyar untk mmbyar kompensasi patrick cs depak dg syarat erik mundur pssi angkat pak sumardji jadi tum ratu tisa sty yg kontrak nya msih kalau sty gagal tau mundur sendiri dg hormat bktikan kalau suara bkti pssi bukan milik erik tohir sinulingga cs kalau diam orang2 pssi suka2 klu daulat insyallah siapa yg jadi tum pssi berfikir kali kalau macam2 klu nunggu tngjwab pak erik kecut hnya ngandalin influncer bola untk bicara bela yg ngomong kptusan nya gagal rakyat mntak mundur mundur;positif
patrik out;positif
kelas bang arie;positif
jastin memang pandai silat lidah;negatif
lu justin yg ikut2an buat sty out lu tu orang plin plan dulu ngomong gin sekarang gitu pantas lu sebut si plin plan;negatif
cuci tangan pakai sabun gaess;negatif
mamam tuh total putbol;positif
si botak nih kok malah bikin mumet nonton mbulet mending dengerin odgj ngomong malah paham;negatif
mulai cuci tangan;negatif
revolusi federasi team latih nya;positif
umur kuliah turut gua ga bilang ketua negara ikompetitif apa banyak anak anak milik bakat paksa kubur minat mimpi dunia sepak bola pernah lepas politik anak anak kompetitif sepak bola milik fundamental dasar cukup gua ga bilang baik gua ga bilang bagus setiidaknya paham passing shooting tahan pola permainann segala jenis bahkan mungkin rata rata butuh tinggal cari benar benar cinta milik bakat bakat turut gua filter kompetisi kuliah utama cukup pantas coba kalau liat sekarang anak anak sd banyak main hp gua ga tau jadi realitas nya gimana tau orang tua gantung salur minat anak mana kompetisi kuliah jadi acu patok orang tua mngkin arah anak dunia sepak bola lebih baik masa datang inti yaa kompetisi kuliah turut gua tetap buah langkah bagus mulai bawah bawah nya enak kalau atas nya udh baik jadi acu ranah sekolah jadi lebih mudah rektor jajar kampus anggar dana mahasiswa ranah lebih baik lari perut masing masing harap kompetisi kuliah wujud sih lanjut perihal gairah liat gairah anak kuliah sih ga mati mudah;positif
luas wilayah indonesia berapa dana buat jalan bina usia dini aspro berkontrabusi bina usia dini mana dana dukung giat pssi hebat cara narasi ampang kerja pssi kiamat sepak bola indonesia kecewa semua kecewa ari cocok jadi ketua pssi;positif
begadang;negatif
riawati1987lu pikir gue peduli kalo ga peduli;positif
btw yg tau koci makan permen apa;negatif
argumen lu lemah gak masuk akal koc;negatif
kluivert out et stay;positif
sty juang bangsa indonesia selalu kenang bagai latih baik panjang masa pernah milik timnas garuda adapun kamu respect semua kamu ikan terima kasih;positif
erick anj patrick anj towel anj arya anj;negatif
erick mundurrr;positif
isi kontrak janji gmn liat chanel berita pssi hrs byr sangon apa gk ngerti;positif
menit timnas inggris latih orang jerman si thomas tuchel;positif
lu yg gak jelas;negatif
betul;negatif
udh kicep ngomong;negatif
main belanda belanda pindah spanyol korsel or jepang;negatif
justin sm dgn rocky gerung pake bahasa2 intelektual biar orang awam kagum pd hasil kerja nol besar alias mulut besar;negatif
inti erik tohir msih kalah sm pundit quot g jls yg cm ngoceh cari cuan tnpa mikir msrkt bnyk;negatif
ngomongnya mencla mencle ninh botak;negatif
kalo pssi rasa banyak duit gengsi silah rekrut latih kalo pssi mau hemat anggar sikap ksatria rekrut sty kalo rekrut latih baru gambar gw tahun sekali tahun 2x ganti latih timbang lihat situasi timnas semua element yg serba tinggal latih baru cepat buat baik cepat geser sty hati fans timnas dukung fans timnas yg basicnya mayoritas serba instan bagai catat sty pergi salah fatal pecat menang lawan arab otomatis selalu banding banding cara langsung langsung yg mayoritas rasa standart yg sty tinggal terlalu tinggi pelatih2 baru terus timnas mau level senior bahkan dilevel2 junior jadi kalo banyak anggar silah coba2 mu gonta ganti latih kalo mau hemat rekrut sty;positif
hbis makan cuci piring cuci mulut amp cuci tangan wkwkwkwkwkwk;negatif
kalo kalian semua ngikutin jaman coach luis milla kalian tau kalo timnas yg isi main lokal main kuasa bola tinggi main pendek cepet contoh baya jaman marukawa bruno sama marsel tengah irianto gila loh main bola pendek cepat latih coach aji santoso jadi kalo feri sm siapa bilang porsi indo gk ky gitu salah tinggal yg nanem aja bagus apa gk kalo pribadi balikin aja coach lm kasih waktu sampe piala asia mungkin coach lm gagal bandung beliau jura euro u21;positif
indo udh lekat sty 4tahun hampir 5tahun liat progres jaman gelap sampe hampir sinar terang terus sekarang gelap udh bukti kok masalah main tahan main serang mau yg penting progres lanjut nol sama sty pilih yg aja pilih yg gak gambling percaya latih yg progres;positif
botak cuci tangan mulu lama2 kayak arya;negatif
sorry unsub dulu deh lama si jilat federasi;negatif
udah lah liga sampah benerin dl curi umur jangan lg anak kecil jangan terlalu orientasi nomer satu juara tp main sepakbola senang fairplay dl waktu smp sma ken banget main bola klo ajar olahraga tp realitanya cuma senam panas lari lari;positif
koci omong besar otak kecil;negatif
channel aja bang dijadiiin media official buat kongres turnamen;positif
kalau patrick msh head coach kosongin aja semua tribun pas timnas maen orang gk pnya otak hati n empati bukan nya balik indo mlh kabur belanda pantekk emang;positif
apa jawab dr coach justin mutar muter udh akuin aja klo sty jauh lebih baik klo mau ngancurin mimpi gausah ribet ngomongnya;positif
paling gak tuju total football bukti ancur semua elemen timnas bukti senior gagal lolos u23 asi cup gak lolos bukti cocok;negatif
sty latih kelas pildun ngelatih korsel top dunia pernah ngalahin jerman pildun waktu jadi head coach korsel punya tahu paham jam terbang tinggi lawan tim asia mana sangat penting pildun lewat kualifikasi lawan tim asia semua malah dituker sama kelas pk sungguh benar benar mindblowing;positif
cape verde lolos piala dunia dgn latih lokal yg latih sejak sty latih timnas sejak lebih lama latih cape verde namu pecat tengah jln padahal filosofi sepakbola indonesia sdh temu;positif
si botak justin jangan kasih panggung yg makin hancur bukan sj pssi jg masuk provokasi tuh jilat dl sty jg dukung trs jg yg blg ganti wkt pk dtg paling senang bela bain pk nah skrg kondisi nya uda hancur selamat kan diri nya tkt kena serang manusia jilat tdk pny konsisten ilmu uda gk sok sok paling tau taktik bola;negatif
pk erik tohir pecat aku sangat curiga orang tsbt sama sama mafia;negatif
inggris thomas tuchel yg latih bang orang jerman;positif
buang semua latih belanda singkir pundit yg bau belanda yg mincla mincle;negatif
pk kali main point singkir gimana coach komen dong yg dulu bilang yakob sayur mesti isi posisi siapa coach;positif
liga kampus rata rata usia udah tingkat disiplin udah kendor tambah okok mending mulai tingkat sd sma karna semangat main bola;positif
sabun nya jangan lupa koci;negatif
koci;negatif
subjektif banget lu kochi nyata lu belanda lu aman memang nyata;negatif
coach justin statement nya ubah ubah mulu dlu gue selalu ngikutin sekarang hell nooooo;negatif
timnas korban buat bayar utang judi kluivert belanda;positif
era sty cukup lah kalau sty memang bagus korea gak bakal pecat club korea kok barusan buka era yg baru gaes;negatif
indonesia udah punya filosofi sepakbola nama filanesia;positif
main tua pelupessy32 thomandsandy30 kevindiks29 jordiamat33 kambuaya29;negatif
justin main kaki dulu yg koar koar sty dioutkan yg rekomen kluivert dg semangat eh sekarang ikut teriak kluivert out kan mikir napa;positif
cari dulu kental bnget logat sumbar uda ferry;negatif
kochi sempet bilang et hebat nutupin utang pssi m jadi surplus m sori kochi monyet kalau jadi menteri bumn bakal bikin surplus duit pssi fakta sponsor bank mandiri aja pssi timnas dapet m udah nutup tuh utang sisi pssi dapet miliar lebih apbn jadi banding ga apple to apple emang kapan menteri bumn jadi ketua pssi iwan bule bukan edi rahmayadi bukan nurdin khalid bukan jadi argumen et bikin surplus biasa banget ga hebat hebat tuh erick orang mayoritas pake duit negara kok an miliar pake duit rakyat via apbn pajak utang miliar pake duit negara via bumn bank mandiri sisa baru tuh mungkin sponsor swasta gausah monyet kepinteran sendal jepit aja kalau jadi menteri bumn bakal bikin surplus duit pssi menteri bumn menpora jadi ketua pssi bukan hebat kochi justru lebih deket abuse of power argumen erick deket sama fifa ampas semua kok pildun u udah lobi batal kok protes fifa ga didenger kok sama fifa ampas barang terlalu megalomania tks;positif
bikin ngakak sisa redho feri;negatif
gw liat anak 10thn tanding bola tv main sama persis kayak liga gocek quot sendiri umpan lambung shooting yg maksud anak usia dini hrs didik dasar sepakbola passing control visi jgn nyari menang doang kalo perlu piala cmn buat yg passing nya tinggi aja;positif
kasi koci udah botak kayak palkon kambing hitam sama netijen;negatif
smp sih kayak futsal;positif
fery otakny;positif
taik mesti mundur lah jangan pecat;negatif
kata coach kok jalan pikir lebih awam supporter bola biasa kyk dangkal bgt gtu;positif
stop playing victim tak botak awal lu blg netizen biasa ga punya kuasa skrg ngaku influencer mau apa sih lu belanda;negatif
keren podcastnya komen cari solusi;positif
pecat pk bayar kompensasi biar erick thohir bayar ngapain pke apbn;negatif
the most stupid logic of all time footballers are paid professionally to play to their best abilities and follow the instruction of the coaches regardless of the background culture race etc and if you say quot germany national team has german as its head coach spain national team has spanish as its head coach etc quot then you say quot indonesia have to recruit dutch as the head coach to accomodate dutch born indonesian footballers quot then your mind and mouth are doing circus trick alias lu ngebadut if we follow what you said then indonesia have to have an indonesian as its head coach you inconsistent old man;positif
gue kurang tuju nyata coach culture timnas inggris sekarang latih jerman lawan kemaren arab saudi latih prancis semua main orang arab nyata jadi kurang profesional jadi liat track recordnya liat negara darimana dong;positif
w subscribe kampret;negatif
tolol football;negatif
cuci tangan terus si taiii;negatif
untung lawan ferry ngecounter akal2annya om bobbi;negatif
iya klo bom kiamat kecil;positif
yg lebih tenar pssi;positif
gak masuk akal yg bilang quot tim latih baik quot;positif
jangan bahas u23 lah kelompok umur negar negara kuaat sepakbola asia hampir semua turun main muda kuat main eropa tim tim eropa gak ngasih izin main piala asia u23 loh model korea jepang iraq lai jadi turut gw jangan terlalu jumawa ngomong king indo king indo mulu biar lebih mijak bumi aja;positif
ingat pssi dijadilan alat politik moles citra;positif
sty pegang senior u23 u20 masuk piala asia lewat kualifikasi yg latih dulu susah banget lolos;negatif
coach punya opini begini turut indonesia memang cocok main total football meski diaspora besar main sepakbola eropa tetap milik darah indonesia coach bukti diaspora banyak main defender coach jangan jangan sty benar coach meski banyak main diaspora lebih cocok main pragmatis maaf salah;positif
dulu koci bilang jangan salah latih se kelas patrick kluivert banyak main tim musuh ken minta foto sama beliau patrick kluivert main kelas dunia asa gada tuh sepak bola tim musuh ken foto bareng sama latih main bagus;positif
inggris kan tuchel;netral
masalah main asia coba sebutin team mana pake pilosofi total football hasil asia;positif
kochy terlalu maksain total football latih belanda main yg pas aja dulu lakh liat tuh kemaren maksa ganti latih padahal udah cocok filosofi ntar2 aja;positif
kalian tahu gak klo pt garuda sepakbola indonesia gsi rups agustus umum raih untung milyar lo googling aja udah banyak berita kalian cuma gak aware aja yg ngurus kontrak kluivert cs jadi klo cuma pecat gerbong nya kluivert yg kata milyar buat bas orang sih gw rasa cukup kali pssi sekarang punya cukup uang;positif
misal ni yg nanya milih kasi duit milyar ato timnas indo lolos piala dunia milih realistis nerima duit milyar dulu wakakakak;negatif
pockest cerdas;positif
justin binomo manusia munafik;negatif
janggan sd fer sd gak tonton ntar lulus sma jadi pns bukan main bola;positif
juara mahkota tahun;positif
maksain banget total football ajg omong kosong;negatif
aduhh seru banget nitip sendal;negatif
boro2 koci gk pernah nonton liga indonesia makanya argumen nya gk kuat;positif
luis mila sty punya konsep yg jelas banyangin klo luis mila pecat udh tinggal nikmat hasil sty udh nyambung main u17 sampe timnas senior pecat;negatif
justru tanya kritis buat apa et punya jaring kuat fifa dkk kalau gak untung sepakbola indonesia bahkan bikin judi tengah jalan ganti latih sedang bagus ragu banyak orang;positif
idih kaga mau kalau timnas pake filosofi total football kaga nyampe woi kochi;positif
alex pastour mnurutku sih kluar banyak budget pssi ujung2nya apbn sedot lgi buat belanja;positif
fakta bang buget aja bikin liga pssi bikin liga kek kochi;positif
oke udh subscribe coach;positif
ngeyel jg nih botak yh;negatif
jangan pakai latih belanda nyata bikin sial mgkin banyak dosa jajah tuh timnas u23 aja gagal fase group piala asia timnas senior gagal belanda sendiri gak pernah juara kw nya;negatif
dulu bilang ga fair kalo pecat pk baru bulan sekarang bilang out desak terus bg ferry belakang layar beda tuh orang;negatif
cuci tangan bos;negatif
alamaaak muncul lagiiiii;negatif
bacot;negatif
prastyodenar5882emang kl lg debat ball knowledge suka karat ntar tonton lg baru nyadar;negatif
brazil latih mnaa coach;positif
kochi;positif
mikir ga sih lu yg giring opini dukung latih belanda lol;negatif
pikir bang fery terima;positif
justin ngomong nya muter njir wkwk ngakuin aja sih sty bagus;negatif
foto lorong anj;negatif
inggris sekarang jerman latih bukan inggris lgi;positif
latih inggris orang jerman;positif
gue ngebayangin coba yg tengah mamat;positif
bener kata kochi alex pastoor mungkin solusi yg;positif
bukn pssi tohir;positif
perang dunia ke3;negatif
mundur udah tau kualifikasi malah ganti latih buka nambah peluang malah nurunin peluang lolos waktu mepet jadi main gak cukup adaptasi sistem baru bukan ganti lebih bagus malah lebih jelek amp;positif
kok gak video;negatif
lupa sty pecat pk move on mosok dunia gak latih punya project lebih bagus;negatif
gak sama pangeran lebih parah;negatif
tp syng bny pngmat benci sty mgk justin in jug;negatif
sesuai lawan nya pak;positif
justin teriak2 ganti patrick kluivert dulu triak2 ganti sty turut gue masuk provokator et ganti sty belanda gak cocok latih timnas indonesia;negatif
punya sabun ga guys mau cuci tangan nih;negatif
jadi quot rakyat jelata quot udah pojok bang kalo atas yaudah maki ne raumum;positif
sebenernya koci objektif jelek2 bagus2 gak suka masyarakat indo kalo kritik bilang benci;negatif
maksud ferry bukan build sistem tpi gairah sepakbola buat yg punya skill basic tpi ga punya jalan pro build sistem tetep bawah;positif
kochi cuci tangan tuh takut sama kit quot suporter indonesia;negatif
coach x ferry the best;positif
akhir sini hp lihat tolol tempat lawan bicara hah heh hoh doang;negatif
pssi tambah perintah aja cuma ratus miliar kayak nya buat sekadar bikin kompetisi usia muda seluruh indonesia aja pas pas bahkan ga cukup dana timnas kalau mau buat lebih bina butuh beberapa triliun per tahun butuh berani politik jamin dana;positif
elu gak bantah argumen argumen kuat;positif
si botak ne mutar2 ngeles mulu counter fery ujung2nya jawab quot makanya gue bilang ganti quot asli tetap ngeyel kalau sty lebih baik pk si paling coach latih futsal paking tahu sepakbola;negatif
filosopi emang benar filosopi grasak grusuk datang main diaspora banyak banyak nya yg kata level eropa ganti latih banyak timbang lupa bina main muda baik liga karna filosopi yg butuh jangka panjang ga cocok;positif
diskusi akhir jelas arah;negatif
kalo mau liat liga sekolah sih ajar dbl rasa kometisi sekolah paling baik kenal indonesia segi bina segi entertainment segi kompetisi rivalitas antar sekolah kadar rivalltas positif nter sistem liga antar kota kalo ud mulai grow mature naik provinsi baru buat nasional;positif
gw harap liga benar benar benah utama liga buat kelompok umur minimal adain turnamen liga kelompok umur tiap daerah indonesia barat tengah timur biar lebih gampang atur;positif
semua lihat salah kalah;negatif
taaeeeeeekkkkkk lah kuch;negatif
kalau kalah hujat kalau menang sanjung biasa;negatif
liga sd bagus main vs tiap minggu main minat anak kecil main bola kurang;positif
justin hati sdh tanam dengki sirik sty apa yg buat sty baik mata justin jelek dasar benci;positif
klaper ganti jastin platih timnas pingen tau congor dy sepinter bacot;negatif
mencla mencle;negatif
moga pak erick lihat bukan cuma fokus timnas naik elektabilitas hati murni maju seluruh sepak bola indonesia project jangka panjang mungkin andal bijak naturalisasi terus terus;positif
plus king mamat;negatif
bojan hondak dahh paling pas;negatif
buat blue lock indonesia;positif
overdomeh koe londo wuhan tua bangke;negatif
raja domba aksi komentar pikir bahaya belandasentris buat domba2 yg suka adu senang banget dgn komentar begini;positif
percuma debat sama botak jiwa belanda bngt;negatif
sepak bola gak hrs total football main counter kl kompak n menang ttp gue tonton belanda aj main total football gak pnh menang piala dunia kok d ikutin;negatif
kalo gagal latih yg bangun fondasi awal terima;positif
bang irwandii lebihh cocok jadi analis bola ketimbang ngurisin politik mantap bang;positif
buat bina tetep dri yg kecil dlu situ kayak ngak tau aja yg ngampus rata2 udh okok susah masalah gairah build dri universitas gw tuju;positif
dah point nya sty lama taun embawa timnas lebih baik ajh sihh;positif
siapa ganti jangan latih lokal superleague aja gk percaya;positif
lawan arab aneh aneh tanding akhir kualifikasi pd dng sty lawan cina hangat ruang ganti dng main baru diaspora yg bung harpa hujat lawan bahrain curang lawan arab main bagus masalah yg jastin sebut sebut adl nomor gelandang datang ole joy bukan fuzzle yg tunggu lawan bahrain cina dng sty menang lawan autralia gak bantai tetang total football klo contoh pak jastin adl barca kecil jadi cocok dng timnas sty datang passing masalah baik barca jadi contoh aduh jauh boss jng kan dng timnas dng timnas belanda gak nyampe kaleeee yg belanda blm pernah juara pd kata pak jastin tier tadi tetap ngotot total football jng2 yg cocok adl defense to counter dng skill;negatif
jago ngeles lo coach;negatif
pssi klo isi orang2 sepak bola maju bahkan saing level dunia sygnya pssi isi orang2 yg mayoritas ga paham sepak bola cuma jadi kendara politik semata;positif
latih inggris orang jerman bego;positif
kan lu yg nyaranin pilih latih belanda sekali nya zonk cuci tangan lo;negatif
boikot timnas erick tohir kalo si patrick katro gak pecat;negatif
waduh lurus jadi kan coach justin gak tau sepak bola indonesia jadi gak sesedrhana riwayat jangan lempar supporter reaksi sesuai kondisi lapang yg lihat jadi dulu supporter gak pernah dikit dikit minta pecat yg gampang dikit dikit mecat tuh pihak federasi yg masalah dulu banyak korban sty gak pernah proses dulu instan patok tiap gagal juara aff ganti terus gitu loop tiap tahun rahasia umum main dbalik layar kait judi taruh campur tangan mafia intervensi main latih atur sogo sampe bahas masuk mata nazwa loh makanya orang orang sebut aff sarang mafia nah jaman masuk sty semua ubah gampang orang masuk ngaatur ganggu tuh penting orang orang sebut buka lah tuh anomali timnas mulai dokter abal abal main jadi malpraktek jadi banyak yg dukung sty buat ubah signifikan mulai sport sicience pola makan disiplin mindset timnas yg dar buat taktik atas lapang fundamental jadi plis lah dimengert timnas indonesia tuh bukan dar menang kalah aja kacau makanya supporter udah muak;positif
tuh gua udah subs;negatif
tips enak nonton koci ikut ngebanterin beliau biar lebih hidup keluar;negatif
nonton podcast channel reng bareng andre daging isi nya;positif
kultur bahasa bawa kalah;positif
pecat malah negara konoha kena denda si pk ketawa2 aja buodoh;negatif
milu;negatif
justin lihat bingung mau ngomong apa hadap dgn ferry cuma konsisten ngototnya doang;positif
butuh latih paham peta sepakbola asia;positif
justin jastin mau cuci tangan hahaha;negatif
total football sekarang gw tanya apa total football pernah juara dunia mikir;positif
pikir ga salah potensi satu tim lebih solid apabila pimpin personal satu kultur perlu ingat gaya sepak bola eropa beda gaya sepak bola asia jadi titik lemah tim latih timnas sekarang;positif
bangke gua nonton tetiba youtube nge down;negatif
km apa;positif
kwkwkwkwk pakai sunlight kesat bang nyuci tangannn;positif
patric et arya out sty in;positif
latih negara yg sama culture yg sama beda dgn sepakbola negara yg baik liga irak latih jg bukan irak brazil latih italy;positif
kecut pundit cuma bacot doang sana loh geruduk pssi apa si erick thohir berani gak ngomong langsung depan muka baru gua acungin jempol;negatif
nice ad coach justin;positif
mending cari latih asia ajah kaya korea jepang udah tau kultur sepakbola asia;positif
hmmm kan budaya permisif yaa filosofi bola jadi biar lawan menang;positif
panen malah acak acak;negatif
arti kalian percaya keti rasa jasa koci terus sombong mana mana lupa liga jalan peran teman teman lupa sejak awal plin plan bilang gratis e g bayar wasit buat liga bayar benar benar plin plan sulit jadi patok kan kalau aku iri ngapain dulu lihat pahlawan sekarang hina nasional;positif
jadi raja asean dulu jadi raja asia dulu baru mimpi masuk piala dunia;positif
ketu justin belanda kali emang nya skill main indonesia sdh total football;negatif
mmg org belanda semua kepala batu;negatif
susah ngomong sama orang tua kaya justin asa bener mulu;negatif
gegara orang tnpa rmbut tim nas gk bs masuk pildun;positif
gw suka banget ide bang ferry bikin liga tingkat sma sama mahasiswa gw aja bagai nikmat basket gitu tuju sama ide amerika gairah basket naik punya goals nembus sma kampus nama mana pikir cara promosi skill club kayak draft nba makanya tuju banget bagai nikmat olahraga aja gw neng liat ncaa wkwkwkw;positif
ayo bikin kompetisi antar sd amp smp semangat;positif
inti et busuk aja ngambil ganti sty alias buru;negatif
annakareninna4172iya magabut bner;negatif
permen kochi merk nya apa;positif
justin gimana otak ga ngambung debat fery aku sty filosofi nya cok;negatif
wkwwkkw jadi om simon scouting lapang mana hahahaha;positif
tuh jujur bingung dgn hp selalu ngomong hebat apa main kan tier lah lah selalu ngomong jg suruh timnas main total footbal krn belanda kan lawan bukankah tau kualitas main apa main pragmatis jawab udah tau main tier mau total footbal kan kyk udh tau garem asin ken manis gt kalau udah tau main segitu ranking fifa segitu pertama kali lang kualifikasi pildun mau lolos pildun main pragmatis tohhhhhhhhh kan ibarat orang baru pertama kali masuk kerja lihat situasi kondisi lingkung kerja adaptasi lingkung kerja biar masuk circle lingkung baru biar terima lingkung yg baru dulu bukan malah grusak grusuk kyk udh jadi kerja senior lu gampol ruang tempat kerja contoh sederhana coba jelas siapa tau temu jawab statement hp tsb;negatif
klo keluar negri pake vc tp pake suit tetap y;positif
kabupaten sumenep madura liga smp sma tiap tahun cuman kurang langsung sistem gugur bukan kyak liga;positif
halah rai ora usah kakean cangkem koe tin justin ora usah mbok belo kui urus pssi seng gagal total jancokk panggah suara bela junjung salah gagal total suruh junjung tanggung jawab cara kesatria tin kata orang besar sport kok gak fair dulu ngancam mundur ruang ganti sekarang gagal total kok hilang lari tanggung jawab gak mau mundur apa ruang ganti junjung cuma ngonten biar wah gitu apa cuma citra biar bilang ketua wow banget gagal total mundur semua;negatif
beri aku kochi niscaya cabut meru akar beri aku ferry arie niscaya guncang dunia oktober sumpah pemuda siap kongress cinta sepakbola seluruh indonesia;positif
bang fery objektif lanjuttt;positif
brazil bapuk aja coba brazil dulu mana mungkin;positif
udah mls dengerin koci ngomong sekarang fucklah;negatif
haha mantul malu asli tp apa gak punya mal;negatif
apa alasanya yg penting timnas gak pegang klivert bukti gak cerdas ancur timnas kl pegang klivert riil klivert kemarin gk sdg latih sedang main judi timnas sbagai korbanya terus silidiki;positif
timestampe;negatif
podcast sangat seruuuu;positif
pssi niat cuma ken naturalisasi main ujung ujung main liga indo benar benar punya kualitas cuma jay verdonk bahkan kualitas naturalisasi tara sama main liga jepang doang mending adain turnamen liga antar kelompok usia biar punya bibit unggul buat jangka panjang;positif
gw lebih tuju timnas pegang mantan latih timnas vietnam quot park hang seo quot yg sangat susah diklahkan era shin thae yong;positif
kalo nyontek gengsi ikutin lanjutin bijak jabat lama gw bkn mw ngerendahin indonesia tpi nyata emang gitu amp sesimple;positif
turut data trs yg tengah;positif
feri sama ari suruh lihat dulu liga indonesia justin lebih rasional;positif
jadi lu rakyat jelata apa influencer inih;positif
kluevert out pastur naik jadi head coach beri sempat alex pastur;positif
siap jadi panpel bang ferfy maju sepak bola wkwk;positif
bukan dikit dikit pecat kalah buanyak pecat;negatif
taik lah si botak emang anti sty karna pesan order dr et kampret asal komen pantesan si greg ama binder mau tonjok lu ga suka orang karna ngomong objektif benar ente ngomong atas pesan dr et pssi orang ga nasionalisme pemdukung tulen timnas cuma kerja buat cuan;negatif
koci lo tanggung jawab ko main utrecht yg cetak gol irak hahaha segitunya lo cinta utrecht wuahaha;negatif
menit botka mulai gag masuk akal;positif
no no no diaspora sini orang indonesia main liga luar bukan orang milik darah indo terus naturalisasi arhan asnawi jay shayne diaspora sedang jordi haye elliano klok bukan diaspora tetap lama indonesia;positif
botak kalau lho jago jadi latih apa gak punya hati nurani jadi latih indonesia apa mau jadi sa penghianat bangsa bila benar;positif
belanda total football gk pernah juara dunia juara eropa aja tahun 80an nah italia juara dunia cattenacio brazil juara dunia jogobonito total football butuh staimina menit nah menit aja keok;negatif
kalo ngomongin total football era sekarang mungkin ringkas jadi possession based football fluid transition pressing willingness sepakbola kayak gitu syarat utama main lo top level aku aja walaupun diaspora main tembus tim top siapa jadi emang lebih cocok main solid defensive football counter attack ambil banyak resiko taruh banyak main depan bola kalo medioker banyak salah berabe kena counter banyak cover;positif
ferry irwandi wakil masyarakat sungguh buat nyampein uneg quot masyarakat koci beneran nyampe depan orang langsung harusnyan koci sadar posisi gimana mang engaruh sudut pandang makanya banayk yg sepakat koci punya pengaruh pecat sty;positif
bener nih kalo mau nyari filosofi sepakbola timnas pakai model bottom up kaya portugal jelas bang arie paling cocok kaca budaya gotong royong;positif
indonesia banyak tarkam universitas banyak dugem ketimbang tarik sama olahraga;positif
lebih tepat sadar;positif
kosong lu botak;negatif
tanyain fer tuju gak kalo sty balik gak usa kata erik lu sendiri tuju gak coba tanya gitu;negatif
jadi ajar obrol kalau sibotak mau terima terlalu bangga negara gak pernah juara piala dunia jaman jajah bilang jilat londo;positif
ngomong belanda bukan harga mati makanya nonton full baru komentar;negatif
realistis sekali koci;negatif
kultur biasa negara filosofi gotong royong;positif
langkah baik bagai rasa tanggung jawab tebus salah pak erik tohir sty cara apa bentuk rasa tanggung jawab obat kecewa masarakat cinta bola;negatif
sedang jajah belanda;negatif
turut gw tuju bg liga mahasiswa jadi mantik mana sekarang power mahasiswa sedang tinggi media jadi naik gairah sepak bola indonesia bangun bawah jadi lebih mudah inti liga mahasiswa bagai mantik gairah cara engagement mahasiswa sekarang sedang besar besar;positif
latih inggris skrg orang jerman bos thomas tuchel hasil inggris rasa jerman makin ngeri euy;positif
kata kemaren sty out cuci tangan;negatif
thomas thucel pindah warga negara nih sekarang blooook;positif
lihat jalan timnas jelas sini et tanggung jawab sepenuh yg siapa yg jadi latih mau kelas pep latih city kelimpungan butuh periode tahun buat fondasi tim sama yg laku sty jadi kalo mau cari kambing hitam ketua federasi sini kalo mau maju jangan salah evaluasi pakai yg moga depan tim lebih baik viva indonesia;positif
mantap koci;negatif
tuchel jerman koch bukan inggris;positif
tuju sama koci;negatif
panggil balik aja luis milla bukti klo dulu era federasi kacau klo sekarang federasi yg jelas dukung penuh milla lebih fokus timnas kasih kejut;positif
bang fer undang ruang taktik biar ketemu koci;positif
latih inggris orang jerman btw;positif
dulu bilang sty kepala batu sekarang opini agung agung filosofi belanda gagal lo depan mau pake kepala batu wash hands after eat dont wash hands after make mistake;negatif
sorry bg ferr cuman turut klo jadi sty ga usah balik indo alas apa andaikata kalau kalah jadi double kill buat sty pribadi jamin klo sukses juara asia menang kan;positif
turut gw bagusin kompetisi semi pro alias tarkam oke fasilitas bikin proper ga bounty hunter aja liga yg bener2 proper soal sunday league inggris lahir banyak bintang kok cocok buat yg mayoritas working cocok solusi jangka pendek late bloomer yg non liga non akademi kan banyak salah satu jamie vardy;positif
gw tuju sama lu bro gak jadi parameter liat pas main u19 pernah kalahin korsel stadion sawah main u19 korsel yg main epl sekarang yg u19 indo mana sekarang;positif
cara omong kosong pak et peduli sepak bola indonesia nyata beliau bikin camp buat kembang bakat nama garuda apa gatau efektif ga kudu semua tau pssi gaperlu kasih tau yg penting kompetisi yg kompetitif semua daerah gila bola seluruh nusantara usia dini;positif
kontroversi pertama sty out padahal gagal hasil timnas gagal round kemarin yess sakit tuh sini sekarang pk jelas2 gagal mau lanjut kontrovesi jadi gagal sakit sana sini cukup cukup;positif
cari latih kayak cari latih ssb kocak kocak;positif
justin mau belandalisasi semua;positif
tanya dana nya berapa nih buat hunting latih;positif
adzy2209iy gaes betul iq jongkok aku;positif
biar patrik kluivert tenang diri negara biar dya ngangon kebo negara;positif
tohir jgn cuci tangan;negatif
dengar2 koci ngikut aja otak sama siapa lawan ngobrolnya hehe ga konsistennjuga kayak;positif
bang fer please lah pak jastin jng panggil koca koci klo bang fer sahabat dng pak jastin bilang bapak menir jenis ngaku netizen ulang ngaku netizen kan latih jaman dulu latih futsal dng prestasi soo soo aja malah yg paling viral kan konflik dng desainer erspo kan bukan urus tactical kan;positif
sumpah gua tiap nonton podcast sini seru bgt kalo ber yg tampil;positif
lama muak koci apa total football kalcer a1 apa nyata gitu aja malah lebih buruk apa harap belanda;negatif
ikut kalau fc mahhh;positif
koci mau cuci tangan;negatif
koci gak paham kalo talenta yg kubur talenta didik faktor ortu maupun faktor rubah hidup lewat oendidikan;positif
get real ferry irwandi lokal otak gak punya visi jgk panjang yah u postur kecil2;positif
seru;negatif
erick thohir mesti mundur pssi;positif
banyak gua gak tuju kochi nyalahin pundit emang gak logis sih pengaruh enggak tetep yg ngambil putus federasi yg tanggung jawab federasi gak urus sama pundit;negatif
konsep student athlete student comes first yg arti standart nilai baru athlete nya alias sport kayak film coach carter;positif
menit menit akhir bahas nya keren sih;positif
ambil sty bukan beliau bagus beliau coach yg punya luck timnas check matches sty dngn lawan masa genting spt aff semifinal lwn spore spore gagal penalti last mute lwn kuwait layak pialas asia indonesia dpt penalti layak 2nd round piala asia team draw amp banyak match malang ulsan sty tiada luck spt timnas so pecat so ambil sty kerna luck nya dngn timnas kuat;positif
gk usah debat inti trik out ganti jesus casas kalo sty gk balik biar jesus casas filosofi mafia pssi out semua;positif
rasaa sini argument ferry sangat kekanak kana naif realitanyaa bener koci kalo emang gantung main diaspora menurt pandji jugaa ngomong kalo emang beda budaya bisaa mikira hampir masuk piala duniaa karan isinyaa emang orang2 luar negri;negatif
mundur mundur mundur mundur mundur mundur trik;positif
halah;negatif
bang botak klo sty jeli lihat tan lawan kapan waktuny main parkir bus kapan waktuny total footbaal tdk seprti sipetruk main totalfootbaal abis akhirny hujan gol australia waktu sty bs tahan imbang sty bangun sepakbola dr minus potong lg wabah covid gimana mau bilang truk tangan garuda yg jd tinggal lanjut menammbah yg kurang bukan utk acak acak kaya gado quot aja akhirny hslny bsr adapun menang kandang orang main dibahrain aja hrsny bs menang klo ngga curang wasit botak goblok;positif
luis milla kagak pecat bang kagak gaji beliau sebenernya mau panjang sama oak eddy rahmayadi cuma exco kongkalikong biar pak edi kagak punya power;positif
usul kochi liga asprov liga kabupaten banyak yg mati dualisme urus liga ssb daerah banyak yg mati ayo pssi bangkit sekarang era buka ayo banyak orang2 baik indonesia gerak liga ssb daeeah yg main nya ujicoba kasihan sekali bayang kalau semua daerah kiga ssb jalan liga lo bukan kompetisi turnament liga yg tiap minggu main pleaae kochi kmu orang baik bisalahhh biar pak erik gerak hati nya;positif
tuju sih jadi kongres pssi masa depan ferry;positif
koclik;negatif
koci selelu minta latih belanda filosofi total football padahal culture temu cocok sty saing walaupun terkadang winning team rubah akhir blunder overall benar filosofi timnas cocok jaman sty yg bikin kesel sty ekperimen tanding penting;positif
koci nyaranin latih belanda budaya sama bro ngga saranin pk ngelatih;negatif
minimal ganti luis milla guus hiddink balikin sty;positif
usak karir orang mainin manajemen konflik kaya dunia cinta yg gembar gembor buat pecat sty ngaku deket sama sampah sampah atas sekarang argumen belok nyata otak g beda sama licin kepala;negatif
pdhl gaya main tu latih sebelas duabelas sama sty emang bener2 belanda tu orang;negatif
meski sedih nyata pssi evaluasi moga jadi ajar baik liga sistem usia dini ssb moga jadi nyata;positif
wkwkwk sibotak cuci tangan;negatif
korban elektabilitas simpul lugas sepak terjang erik pssi nya;positif
subbbb guys jangan lupa;negatif
koci jujur yg paling punya peran ganti sty please;negatif
el plin plan siap quot mau cuci tangan;negatif
yg punya chanell sama ari boss karduss2 gitu2 lgi usaha bangunin bibit muda sepakbola dg bina usia dini ksd kks;positif
total long ball aja filosofi nya;negatif
pundit terttolol dunia si justin project total football project bodohhhhh ga cocok dgn timnas filosofi sty yg the best yg paling cocok u timnas;negatif
petrick aut;negatif
mending spanyol jerman aja lah jelas bina bawah belanda stuck;negatif
kalo ambil latih asia musuh asia kok lebih bagus kok belanda;negatif
anjir gw trauma denger frank de boor cukup fer internisti trauma;negatif
justinus quot halu quot ngomongin filosofi utk timnas garuda main diaspora main indonesia bukan timnas the oranje;positif
wokwok mamam dicounter mulu bacot botak suka gw kalo yg berani bantah yappingnya;negatif
paling belanda;negatif
sekali aja latih nya ten hag;negatif
bagus nih bukan cuma obrol ngalor ngidul mikirin solusi lebih tanggung jawab banding pssi amp kluivert;positif
erik cara brutal miris lihat cara tersng2 an bawa bola kancah politik praktis pilpres lalu soal rusak rumput jis;positif
eth pk out balikin sty;positif
podcast paling pas turut gua yg abis puruk move on gausa salah salahin org yg atas aja gapeduli;negatif
ratu tisha;netral
kochi kocak olah ga papa sty balik statemen lu semua udah cara ga langsung baca jelek sty lu salahin taktik tahan sty lu kan latih kata masa lu ga mikir gtu tim mau lawan tim kuat apa tuh contoh pk lu dewa2in awal maksa nyerang amburadul sekarang lu pura2 lupa lu barbar dukung pk awal gu kecewa waktu sty lawan china lokalisasi situ aja match gue sangat puas sty lawan saudi bayar tuntas sty gol marselino;positif
beliau cari aman aja kurang alam hidup bodoh aja tau padahal respect seklali ama beliau dulu sekarang ai mak lihat wajah beliau aja gusar tu;negatif
tunggu;negatif
sty ganti kirain ganti latih punya jam terbang tinggi ehh olang nganggur ninggalin keluarga hari libur;negatif
siapa 2s koci;negatif
coach hp mencla mencle;negatif
nih dengerin gue pegang omong gue dulu gue udah sering bilang dimana2 cuma karna gue kurang kenal aja nih susah buat up latih paling cocok buat timnas indonesia cuma korea jepang tinggalin latih belanda ga ga cocok pola lu percuma mau bacot haha hihi hana hini ga pahamin karakter dasar sepak bola indonesia kiblat sepak bola tu kalau mau maju cuma korea jepang bukti toreh sty;positif
tengah sok iye kali pake cerutu rokok nya;negatif
lu aja jadi latih tiga dah drpd brisik wkwk;positif
haisesetiawanikutin plan jepang banget buat nama ketua pssi kurang harum;positif
menit atas bahas yg sangat tarik;positif
buruk aja arti fase parah akut dungu nya;negatif
gerbong emang gaji buta sama turis aja semua sebenernya fakta dikit buka;positif
bangun tidur langsung buka ;positif
nah bikin milestone kayak hanif keboost subs;positif
bikin liga gak susah yg susah licin warlok pejabat2 lokal;positif
jangan lupa beli sabun;negatif
nah tuju banget kongres libat semua pihak bukan monopoli pssi dengn penting sendiri seringkali justru bukan benar2 maju sepakbola indonesia;positif
mental nya org udah kalah dulu seblom tanding klo gitu gak harap buat sepak bola indonesia buat maju;positif
ribu subscriber gasss bikin turnamen e fotball daftar elga cahya putra rizky faidan akbar paudie selesai kompetisi;positif
channel koci nya enak tonton dominate awal akhir channel koci sosok bantah lawan bicara berani bantah;negatif
tuju sih kembang sepak bola indonesia mulai sd buat jangka panjang;positif
rizkyakbarmaulana1424 emg ud fakta utk jangka pendek diaspora emg game changer bener gk gantung lama sm diaspora lama2 bakal habis jg udah turun cm kalo bina dibenerin dr skrg hasil paling cepet baru liat tahun lg nah lama rentang tahun suka gk suka ngandelin diaspora nggu jalan paralel dua2nya program bina naturalisasi;positif
total football kntl muak co belanda aja gapernah juara wc total football nya koci hahaha;negatif
udah ga mas modal segitu m inflasi gila gila quot perijinan quot tragedi kanjuruhan makin sulit mahal;positif
timnas inggris latih thomas tuchel orang jerman bukan englishman bung fer;positif
jujur gw lebih neng kalo debat isi kochi sama yg lawan sama kochi seru aja gitu kalo towel pilih debat tv one jujur kurang suka towel yg gangerti sepakbola luar ferry sama towel malah pinteran bg ferry padahal towel yg jauh lebih tua;positif
dana mbg lebih bagus klu alih bina bangun insfratruktur main bol umur tahun kali;positif
lebih kasi negara lu cil malah jangan juara ikut pildun aja susah wkwk;positif
haah latih belanda kentut lah;negatif
seru bahas menit;positif
ingrris jerman tuchel;positif
baru sini si koci nongol hari timnas gugur hari minggu pagi biasa langsung buat video timnas main betapa kecut yg pingin hindar netizen cinta timnas takut jadi sasar amuk gemar bola timnas;positif
taubat nasuha;negatif
probabilitas yg sering masuk aja gk jamin yg gak pernah aja ngeyel bawa2 probabilitas;negatif
sibotak pelihara pssi mafia awal ngomong gk pernah ngikutin timnas terus ngikutin timnas bagus gara2 sty suap duit haram omong towel;negatif
benar gagal world cup jadi reformasi sepakbola nasional buat roadmap jelas sempat lihat quot garuda dunia quot indonesia masuk rank tahun sebut sama rencana nasional sebut indonesia emas dirgahayu tahun bilang rank fifa jadi top bagus jelas solid roadmap budaya buruk tiap besar pimpin jenis organisasi perintah apa kepingin punya quot jejak beda quot biar jadi sejarah takut punya roadmap jelas ganti pimpin jadi ubah latih siapa buah timnas punya filosofi jelas selaras roadmap jangka panjang latih sesuai timnas bukan tim club filosofi main klub ubah sesuai latih filosofi klub timnas punya filosofi jelas cara roadmapnya siapa roadmapnya federasi roadmap jelas jangka panjang tetap jalan siapa isi federasi diskusi seminar simposium rumus sama roadmap sepakbola indonesia libat jurnalis latih ex main klub undang expert luar negeri bagai benua beri ide ide tambah roadmap roadmap jelas tinggal jalan progres stop federasi bagai panggung elektabilitas tenar olahraga politik quot politik kelah saling caci maki football for unity quot;positif
eh bagus bgt ni bang;positif
wkwkkw mantep bet feri nyemprot bapak bapak gundul;negatif
malah probabilitas pildun sangat kecil skuat u23 yg promosi senior golden age diaspora yaa sekarang tpi nyata malah gambling ganti latih odong odong klo pilih u23 sama u17 mending u17 tpi kyknya liga main asing ga yakin adik2 u17 kembang udahlah world cup mimpi;positif
cuci tangan dolo tak;negatif
apa sih botak counter bantah gue tuju bantah counter gue tuju plin plan banget cuman hitung menit dong padahal bang ferry ama bang arie udah jelas banget nge break down masalah sepakbola indonesia si botak maksa banget dna total football belanda tanamin main indonesia sekarang;negatif
nonto ampe habis kentod;negatif
wow tarik sekali kata kunci quot gue buget nol aja bikin liga junior quot;positif
patrick emang gak niat maju timnas indonesia kalah irak langsung kabur belanda gak pamit suporter indonesia si patrick mental tukang judi lihat jelas tipikal org yg gak mau bertanggungjawab lebih baik gak usah kerjasama dgn latih kompeni belanda;negatif
benar yg busuk dalem pssi nya yg egois gamau ngadain bina buat jangka panjang sepakbola indo lebih mikirin masalah pribadi susah sih kalo dominasi orang kek gitu semua betul kata kochi knp sepakbola indo stagnan yaa isi dalem pssi sendiri yg bobrok susahh;positif
latih belanda aja kagak laku eropa paling2 laku cumn liga domestik tipikal nya udah kuno kagak cocok buat sepakbola sekarang gak beda jauh sama pelatih2 inggris sama2 bebal yg ngusulin pake latih belanda tolol oke kalo mau pake latih eropa pilih tuh spanyol jerman;positif
selalu suka keep it up;negatif
bagaimana pk tanam filosofi sepakbola yh sangat luar biasa yg sebut total tolol;positif
vanenburg hebat nya apa sama b dohnya spt patrick;positif
kerenn sih ferry botak kliatan jadi;negatif
pecat erick thohir mafia bola pssi;positif
mas bagus jaman sty indra sapri banyak tunas tunas muda main timnas timnas bukan skuad belanda diaspora belanda maksimal main tiap laga kemarin balik bukan menang malah los dol;negatif
culture culture biji peler;positif
siapp 50ribu subscribe potong video koci dukung sty auto viral;negatif
bukun salah kan kalou mulut mu baik mulut mu bicara hancur kan lat timnas;negatif
trik udah kena siram minyak saudi;positif
kutip aja nyata tom byer sorot akar masalah sepakbola indonesia birokrasi belit intervensi politik justru hambat kembang bakat muda bukan sekadar masalah olahraga cermin sistem lebih besar ikut analisis politik vs maju sepakbola intervensi perintah kasus beku pssi kemenpora dualisme liga isl vs ipl rusak ekosistem sepakbola penting elit banyak klub kendali usaha politis lebih fokus citra bina main muda korupsi amp inefisiensi kasus skandal fifa gate bukti betapa sepakbola indonesia jebak main uang kuasa indonesia bukan mungkin perlu jadi brasil nya asia tenggara brasil punya tahun sejarah sepakbola struktur indonesia juang minim infrastruktur lapang kualitas akademi profesional kompetisi usia dini masif brasil punya copihna de ouro anak tahun indonesia sistem rupa mentalitas instan pssi stakeholder lebih suka naturalisasi main bangun nol solusi lebih realistis harap jadi brasil indonesia ajar jepang revolusi sepakbola mulai sekolah liga amatir struktur thailand investasi besar akademi muda chonburi fc academy vietnam kolaborasi arsene wenger s fifa program latih lokal apa laku desentralisasi bina tiap daerah punya akademi bas lokal brasil mana tiap negara punya gaya main beda putus rantai politisasi pssi independen kelola profesional j league bundesliga revolusi latih program sertifikasi massal latih muda laku jerman pasca gagal euro politik sepakbola ubah indonesia jadi negara potensi besar tak pernah wujud;positif
obrol pepes kosong inti mau siapa latih nya punya integritas titipin federasi exco plus kacung mafia beri ruang panggung latih kelas pep guardiola ending nya gagal udah contoh sty keras tegas bahkan main diaspora kalo masuk sistem tdk segan2 ga bakal mainin tdk takut utk mainin main lokal yg bener2 masuk sistem tsb wassalam;positif
bulshit filosofi paling dasar bina aja jalan;positif
pilih latih culture tuh bukan semata mata familiar sama culture main ajaa lihat familiarity lawan lawan asia tim lawan region kan hadap sama lawan region asia dulu jadi pilih latih gak necessarilly belanda terus kan kalo banding sama negara negara eropa latih sesuai sama nationalitynya negara punya filosofi sepak bola jelas jadi butuh orang erti culture sepak bola mana orang2 sendiri lah filosofi aja gak punya disamain sama eropa;positif
iya masa patrick rekrut dulu terus gagal baru bikin filosofi kuch kuch;positif
main diaspora emang belanda budaya emang sana kan gak main belanda aja jay yg main italia verdonk prancis pelupessy belgia diks jerman apa main sana gaya belanda enggak lah apa maksain klub nya main gaya belanda gak lah main profesional kualitas nilai jalan gaya taktik latih bukti makanya main eropa contohin satu emang main timnas belanda main liga belanda semua emang virgil main belanda emang virgil maksain liverpool main total football enggak jadi alas budaya kayak alas bocil yg sama kakek2 tua;negatif
big respect kochi;positif
ngapain mau kiblat belanda terus total football usang belanda pernah jadi juara world cup;negatif
pk belanda kan justin nyata hasil jelek patah argumen culture sama lebih baik bener mampu latih bukan culture;positif
dear koci sadar suara punya power bukti dl kasus jersey dulu ktika minta saran et gnti latih hrusnya kamu lbh bijak gnti latih tp jgn tengah jln biar sty slsein full kualifikasi nya kan bs ngmong gtu perkara dnger tdk hak pssi dgn statement quot mu bbrpa podcast yg olah quot giring opini bhw sty gk punya mampu lolos indonesia pildun suka gk suka mulut jg punya andil atas bencana jd please stop lindung dgn kata quot gue netizen biasa loe bukan netizen biasa loe pundit yg punya pengaruh stdknya kurang arogansi mu mnta maaf scr gentle publik sepakbola indonesia;positif
pdhal semua ngerti tau justin gk ngerti mslah bola lapang besar tp kok jd panutan;negatif
piala level pildun mancini turut elu buat seri sama sty kurang kelas apa sty ngeless mulu;positif
yaelah sih botak lu aja ga pernah bagus terus waktu ngelatih futsal timnas inti kan buat apa latih baru kalua latih lama punya misi kerja nya jela bikin timnas kembang mulai nol yah bawa balik sty cukup cari aja translater belanda korea kan udah jeje buat bahasa indonesia gitu aja repot masalah bahasa era sty cuma framing doang mau lebih ngeri pecat patrik aja sty x pastoor;positif
mau latih yg tunjuk bukan pk gw ragu timnas bakal main serang dominasi jadi bukan kluivert nya yg ngaco sih banyak putus yg blunder federasi;positif
main bola samain ma bahasa emang jaman sekarang orang gak pinter indonesia banyak bahasa kompak;negatif
jangan percaya dng erick tohir pk;negatif
covidd udah kelar berapa tahun lalu loh kok cuci tangan mulu wkwkwk;negatif
inti si botak pernah suka sty entah punya dendam apa rasa nya engga obyektif krna sttus bagai;negatif
mantap bahas yg sangat komplit seluruh keren org yg kritis relate kompeten turut cukup jawab smua tanya kritik smua org terima kasih trifelas;negatif
gilir begini aja rasa paling sakit wkwkw dasar marketing kluipert latih jadi tai prestasi latih lu apa sih lu tinggal belanda berapa lama sih rasa paling belanda belanda mana pernah juara dunia;negatif
turut alas utama rasa jasa terus jadi manusia susah kasih tahu;positif
yaelah koci ngebela bgt org belanda;negatif
bener kepala koci selalu mikirin pondasi filosofi udh puluh tahun bergonta ganti ketua gak yg nanam invest filosofi bina udah dukung koci naik jadi tum pssi yg mikiri kepala koci kepala pssi kagak;positif
wkwk emg korea prnh juara dunia susah fomo bola;negatif
lupa sty tanam filosofi pas timnas sama gotong royong maju bareng mundur bareng compact strategi;positif
kesini ga nonton cuma mau nulis orang2 gak ngerti bola ngebacot;positif
emang latih irak ama arab bahasa arab badut cuci tangan mulu tai;negatif
gimana statement tim latih baik padahal sama tim sty aja ga apa2nya;positif
hahahaha;negatif
bro ferry bnyk tahan diri ngecounter kochi;positif
gilak seru bet coo episode;negatif
konten sangat maaf salam angkasa bola;positif
botak koncol;negatif
jordi cruyff aja lah buat next latih jelas jelas darah total football;positif
ga usah piala asia deh mending fokus piala aff dulu jadi juara dulu deh jangan berekspektasi tinggi;positif
tahun sty ngracik timnas jadi tim hebat pk tinggal nglanjutin aja apa pk pk tinggal nglanjutin bukan rintis kayak sty;positif
botaaaak omong mencla mencle sial;negatif
sebut aja sohor pundit bang gausah sungkan towel anjing;positif
erick tohir masuk angin patrick gak usah balik indonesia melayih timnas gak layak;positif
total football hancur total justin botak;negatif
sty sty elulu bosen dengernya;positif
coba aja undang ratu tisha waketum pssi kesini terus tumpah dah tuh idea idea bina muda;positif
mungkin kalo pastor den landzat libat karna satu satu inti pk dkk out bukti kalau latih cocok buat timnas kalo ga korea japan jangan harap bakal masuk pildun bahkan afc cup aja babak bur kalau harap latih belanda filosofi main bentuk masa sty ngapain ganti filosofi bentuk kan kalau kurang tinggal poles runtuh pondasinya omong kosong mikirin jangka panjang sedang jangka pendek buat lolosin pildun aja babak bur;positif
seru adu argumen nya sama punya opini saling bantah tuju nya sama kembang nya sepak bola indonesia;negatif
satu kochi cuma kasih saran sty udah aneh aneh main inti lawan cina lalu ngide nyadangin sty waras tiga salahin pssi ketua nya bukan orang yg gk punya power macam kochi udah paham gk ente lul bahlul;positif
halah justin kentut;negatif
poll keren moga wujud;positif
koci tuh muter muter cuci tangan tp gak mau pihak blanda yg salah;negatif
kali kata koci netizen dikit dikit pecat salah total dasar kata apa kapan netizen bilang sblm trik krna fakta sty thn loh ngelatihnya jangan kambing hitam netizen;negatif
pesmobile lh5fsiya aku pikir gitu tiap modal turut ku pasu tonton mahasiswa cukupoke kalau udah kembang pakai metode kompetisi antar prefektur kayak jepang meminimalisir keluar home away nya juara antar prefektur baru adu nasional;positif
gak semua belanda coach rangin fetish belanda;negatif
ambil latih sprti ambil kucing dlm karung aja bgtu kalah;negatif
lebih tuju koci kunci bina banyak main indonesia level u15 atas pasing aja lum beres bukti banyak video coach nova misuh misuh klo yg feri lebih jangka pendek biar rame aja trus untung g sponsor hilang sendiri ferry irwandi lebih bisnis sepakbola sedang koci bina sepakbola indonesia cara lanjut benar konsep koci ferry gabung baik segi komersil bina jalan baik insyaallah jadi blueprint arah yg lebih baik yg penting konsisten lanjut;positif
ludahin kiri like sini;positif
jangan kasih panggung orang yng hancurin timnas;negatif
koci pecah bangsa;negatif
bulan gak hafal kali si pk ama nama2 main aaahhhh emosi bangattt;negatif
gak kayak spain;negatif
botak cina sok sok punya taste belanda;negatif
baik latih timnas indonesia sty;positif
si botak ngapain;negatif
mau asal mana baik tunjuk latih yg paham sepakbola asia paling dekat piala asia bojan hodak jadi timbang ato klo mau latih belanda tunjuk jan olde riekerink latih dewa united;positif
mana sih beli sabun bagus inget deh waktu ngomong nlr sport;negatif
kata2 kochi gua ramal pk out pastor latih utama gua tonton setia kochi jadi gua pikir kochi dah tau putus pssi jadi apa bilang hampir smua;positif
agamkupie985gk parah sini;negatif
cuci tangan;negatif
si paling belanda ubah bicara;negatif
bilang jangan salahin kochi salahin federasi emang salahin federasi lu nggk satu tahun ngebuzzer kata sih gak bayar yg lempar selalu gak objektif pro pssi amp erk tohir mulai ngeframming sty masalah black campaign sty meggiring opini timnas ganti pelath dilakuka pssi sekarang nyebokin kluivert dgn dalih kasih waktu latih bukan sulap giring opini timnas main krna main kecil diajarin bgitu buat benar kalo patrick lebih baik sty based on laga point padahal semua tahu mai sampah gak lebih baik sty bahkan pinalti buat benar taktik baru kluivert eksperimen brjalan lancar based on laga lawan taipe amp lebanon mana semua tahu hasil gak mecerminka apa apa semua yg gw sebutin diats gw jamin bukan fitnah semua jejak digital sekarang lu tiba tiba cuci tangan lu ikut nyalahin kluivert yg to be fair salah nunjuk ganti sty tengah jalan kek lu gabisa enak jilat ludah lu sendiri tbtb putar derajat alibi lo objektif jelek dibilanh jelk hey udah dulu kluivert jelek lu nyebokin anying;positif
meme juta umat kalo timnas kalah;negatif
ga cocok total football buat indo paling cocok gaya maen sty mourino fokus tahan peluang kick n rush tik taka;positif
aku ga pernah lupa si pentol korek pernah ikut sudut latih sekarang mulai cuci tangan nih;negatif
xvanz13itulah timnas gak bakal maju laku netizen nya aja kayak gitu;positif
jangan terlalu lebar cerita kemana2 saling salah kunci nya kalau memang patrick ganti silah utk depan segera cari latih yg lbh bagus cerdas sty patrick k latih kembar;positif
support banget ide bang fer kochi and bang arie buat bikin liga universitas liga sd ayo guys ramai support total ide;positif
kalau kipret ga pecat lebih baik tanding timnas kosong stadion jangan yg datang sprt mlysia kosong tonton lama patrik out kosong terus stadion cara baik lawan pssi;positif
kemarin bilang bukan proyek gagal sekarang bilang heran segera pecat;negatif
erik kalau mau pamor pulih balik sty dengar sya jangan dengar towel akmal justin hancur mareka tiga ngabalin mana miring kesitu tumpah;positif
ferry irwandi justin;negatif
sumpah gw dukung banget kalian kl buat liga tingkat sekolah;positif
inti saran si botak yg nyuruh ganti latih belanda pikir goblok cuci tangan;negatif
blackranger666klo lihat antusisme bagus g masalah sponsor konsep turnamen plus entertainment bakal undang antusisme yg sama koci bina karna klo level sma baru cari bibit basic banyak keteter misal passinglah fisrt touch lah reading the game yg kurang banyak kurang main jadi alangkah lebih baik banyak kompetisi usia dini yg mana usia dini umur bawah tahun;positif
lu ga ga nganjurin felatih kulifer fi eluh kata sinteyong fecat sinteyong jastin lo luoh fengamat yng bela indonesia berani tolak sinteyong fecat bukan nyetujui jastin;negatif
rpmahardika6650at least ngga ngomong doang proyek kks yg jalan;positif
untung semenjak tahun lalu sy mutusin ngikutin bola putri bola putra wacana obrol laku djarum grassroot putri turnamen antar sd tahun kali beberapa kota bulan mulai liga putri u15 amp u18 next djarum bakal gelar liga mahasiswa yg naturalisasi diaspora tum pssi bukan main latih invest grassroot aja gamau kok mau mimpi piala dunia;positif
seru ni;negatif
justin jemboaddd bukan cari konklusi malah cari bela tu cari jalan keluar tak botak judoll bukan cari sp salah sp bener susah emg dna judi wkwkwkwk;negatif
jalan yg d mau tohir buah pamor tenar ingat timnas indo bukan gagal tp gagal;positif
apa makan minum ludah sendiri;negatif
filosofi indo kalem gotong royong ngamuk klo d senggol;positif
kalah bro towel yg ngalahin cuma kusnaeni apa binder sing apa hanif;positif
si paling gk salah kalau salah gk ban;negatif
halah si justin munafik hipokrit ga jujur bangga2kan terus belanda;negatif
sunlight emang bagus buat cuci tangannn wkkwkwkw kesat sekaliiiiii;negatif
fred rutten masuk yg gue suka cv nya oke apa mungkin mahal;positif
koci nih anjg gilir orang opini gabisa ga mulu;negatif
pecat ribu polisi perut buncit gak semua polisi perlu hari hari mbg gak perlu daerah yg rumah udah sarap dg lebih baik banding menu mbg lah kalau kumpul berapa triliun tiap tahun mending buat sepakbola sejak usia tahun;positif
piala dunia main u17 asuh coach nova yg sekarang mau main event piala dunia u17 qatar;positif
latih jepang jepang main bagus ngalahin brazil;positif
gw tuju coach justin influencer bukan latih beri beesuara gw putus dengar coach justin;positif
gue tuju greg debat sama bapak hape udah tantang tinju tuh;positif
tangan nya kotor mau cuci dulu donk;negatif
negara tata konsistensi level akar rumput jelas paten bicara filosofi big bullshit on the world men;positif
berg van marwik bagus cocok buat timnas;positif
lebih baik ambil gerbong latih jepamg aja dulu ga usah jauh2 eropa terlalu jauhh;positif
cocok yg pnting jngn sty jje jadi translator;positif
udah ngomong debat panjang tiba quot apa diaspora;positif
ferry sangat kock koci;negatif
kalau sty bagus kenapaa ulsan hd pecat menang tanding;negatif
filosopi indonesia gotong royong;netral
mencla kencle mulu botak kacoo aja undang sana sini;negatif
ikut makan calvin verdonk jong feijenoord haye jong alkmaar zaanstreek diks jong feijenoord idzes jong fc eindhoven paes jong n e c nijmegen balikin kan;negatif
lah kan opini lu siapa nyuruh2 buat ngikutin elu pertahanin sty apa lu minta buat wajib subscribe wajib sawer aja kaga sejak kapan koci ken jadi representasi mainstream fans2 bola indo orang tiap minggu liga eropa aja semua fans indo hantam mau tim inggris itali spanyol jadi gausah lu fomo2 maksain opini2 lu ttg sty koci;positif
absen dulu liat podcast depan;positif
tuju erick tohir patrick kluivert ganti;negatif
lu kalo ketemu bakal jadi ayam;positif
iya elu iq jongkok udh jelas kan tiap video selalu ngomong kalo bagus gua puji kalo jelek gua kritik gaada penting sama kayak jaman stu bagus kung jelek kritik;negatif
jadi mau bilang indonesia belanda;negatif
kalau masalah background hrs belanda sara dong;negatif
botak tai;negatif
tp iya sih cuma konoha timnas gagal pandit ikut disalahin wkwkwkwk luar negeri kayak ngga gini2 wkwkwkwkw emg kocak negara iq;positif
datang ancurin pulang matap jiwa ga inisiatif mo ngapain krj sama dgn org2 model gin koci ribet susah ngomong klo udh fans berat;negatif
botak menang judi;negatif
mo tiru jejak silvio berlusconi elektabilitas malah keburu quot harakiri quot hari hari nama sty gelora gema stadion maupun mana mana supporters wajar wajar sty jadi latih banding latih latih wajar hari temu alas logis atas pecat sty;positif
simpel sih sebenernya klo federasi mw serius 1x lg tekan kalo mau serius ga usah gengsi utk mrncontek cara apa yg laku negara yg memang bukti sukses utk memgembangkan sepakbola dasar waktu yg relatife singkat tau kan negara apa betul negara jepang memang betul jepang pernah mejadi juara piala dunia liat progres awal sampe sekarang sgt berpogres sepakat liat main timnas jepang sangat nikmat utk tonton bahkan tanding terahir kalah brazil brazil lho yg notabene peringkat jauh atas jepang maksud gw knp hrus contoh dri jepang pertama jepang sama2 asia sedikit sama culture wlwpn segi geografis jepang indonesia memang bnyak bgt beda yg jepang blm lama bsa main bole malah sejarah ajar bola liga indonesia kan sekarang smua lihat hasil liga jepang baik asia timnas jepang no asia copas aj skrg semua apa yg jepang laku tp balik kalo federasi mau;positif
jadi ketua pssi laku wajib sepakbola tahun sd wajib sepak bola tahun smp wajib militer datengin tom bayer yakin tuh temu bakat potensi anak bakat adakan beasiswa minimal minimal wajib lapang sepak bola latih bola minimal lisensi tiap sd smp negri;positif
sekarang sepakbola mjadi pecah belah disgala lini klo dulu sepak bola mnjadi satu bangsa kini hilang sdh sama hnya krn congkak dr ketua pssi langkah salah besar skrg dgrkan suara quot rakyat yg tlh kecewa semua bahagia kmbali;positif
tunggu gebrak kan nya trifellas;negatif
komporin aja bng feryi;negatif
latih ganti latih latih biawak;positif
erick mundur sdh kontaminasi politik citra;positif
kawan picu dorong pecat latih sty arya sinulingga sidower koach justin botak biadab towel dungu jancuk plonga plongo bego tolol;negatif
bener bangferry gausah belanda anjg;negatif
turut kalau sepak bola indonesia mau maju pakai pakem sepak bola cocok total voetball variasi barcelona belanda nya variasi pemain2 badan kecil;positif
botol bot tol;negatif
tunggu hasil lapor pak marji apa putus federasi;positif
ganti sty tengah jalan g asampai piala dunia dulu kalau bicara tanam filosofi sty sdh laku;positif
gin gap budaya sepak bola n filosofi org asia eropa terlalu jauh beda sukses dg latih bagus eropa perlu makin banyak jg main naturalisasi bagus standar eropa arah maju sepak bola banyak main asli negeri kiblat korsel jepang gap budaya sepak bola jg msh lebih realistis kejar hasil cipta tim yg gk gantung diaspora butuh waktu opsi paling realistis maju sepak bola indonesia level junior senior makanya aneh kalo pssi dg projek jangka panjang nya pilih latih timnas eropa arti level junior senior isi bule baik federasi lebih realistis pilih arah kembang sepak bola negeri;positif
zaman jajah indonesia sdh punya bibit penghianat sekarang penghianatan lanjut sang penghianat erick tohir;positif
gada yg nandingin legacy sty bos sty udah ngasih yg mustahil buat timnas level umur yg pegang dulu jaman bp ijk hamka zulkifli sukur menit kelar stamina kocar kacir semua diobok obok pegang sty sampe ujung babak ngotot jadi gausah jauh ngomongin kapasitas taktik taktikgabakal jalan kalo pemaen nya gampang mpot mptoan gw udah bosen nonton timnas yg stamina nya senen kemis jaman peter white kolev alm bendol rd wimrisjbergen sampe mc menemy sama semua;positif
anjirr gedeg banget gue;positif
bang gw kasih tau latih timnas baik cuma luis milla;positif
beda kualitas u23 sama senior bung fer;negatif
kalah vs cina krn sty gk mau ego nya d sentil turunin asnawiiiiii bangjay haye sampe d cadang krn ego sty sty ras cok;negatif
gak jadi beri sempat nyampe piala asia nih koch wkw;positif
surat buka pssi jaga arah garuda regenerasi lebih penting rotasi ekstrem yth ketua umum jajar urus pssi tempat hormat bagai perhati sepak bola nasional izin pandang kait dinamika arah bina tim nasional indonesia khusus sangkut masa depan tim latih sedang jadi bincang publik langkah strategis pssi arah latih laku dekat ilmiah rasional orientasi jangka panjang sepak bola modern ukur hasil instan proses adaptasi sinambung taktik stabilitas mental fisiologis main evaluasi bas kontrak kerja nyata tim latih baru jalan delapan tanding resmi genap satu tahun kerja kontrak kerja cantum eksplisit upa lolos piala dunia putus kontrak dini potensi cipta preseden negatif tata kelola profesional sepak bola indonesia evaluasi performa tetap perlu laku cara buka objektif bila kurang sisi taktikal hasil tanding sesuai laku bongkar seluruh struktur latih lanjut program regenerasi main besar main diaspora tim senior usia puncak karier lima tahun depan rata rata usia dekat tahun masa mana performa fisik daya tahan mulai turun cara fisiologis arti fokus utama pssi perlu geser bina regenerasi main muda saran coach alex pastor staf tetap beri mandat pimpin timnas senior hingga masa kontrak jaga sinambung tuju piala asia coach shin tae yong sty rekam jejak kuat bina usia muda lebih tepat arah timnas u latih generasi baru main jadi harap lima tahun depan coach nova damping jaga kontinuitas metode latih coach frank van kempen fokus tangan timnas u bantu coach simon scouting kembang main muda baru coach gerald peran bagai asisten latih timnas senior sinkronisasi metodologi antar jenjang tim langkah putus kontrak besar besar sesuai struktur semua latih kerja satu filosofi sambung dekat sport science ltad model bina jalan prinsip long term athlete development ltad dekat ilmiah tekan kembang atlet cara tahap usia muda hingga dewasa terap ltad transisi taktik beban latih adaptasi fisiologis main jalan harmonis tiap level timnas sistem indonesia bangun ekosistem sepak bola nasional kuat ilmiah lanjut bukan sekadar reaksi hadap hasil jangka pendek simpul sinergi bukan fragmentasi sepak bola indonesia perlu revolusi emosional evolusi rencana regenerasi jauh lebih penting rotasi ekstrem stabilitas sinambung latih lintas kelompok usia kunci visi garuda tuju piala dunia tetap realistis arah gt jangan satu orang gagal seluruh sistem anggap gagal bangun fondasi muda bukan bongkar fondasi diri hormat optimisme penuh moga pssi ambil putus strategis timbang lanjut program nilai profesionalisme semangat bangun sepak bola indonesia akar benar terima kasih atas perhati dedikasi sepak bola tanah air hormat tyodinar;positif
bro timnas bukan emyu chelsea yg dikit2 pecat hati2 lah cari latih;positif
mana orang belanda pride nya tinggi orang belanda tuh logis arrogant mata duit mana mungkin mundur udah merdeka jajah belanda;negatif
yg ditunggu2 dri awal pak et jdi ketua pssi bina usia dini mana niih kompetisi sd smp sma tingkat mahasiswa sibuk bgt ngurusin diaspora sampe timnas bikin kyk klub bola gw inget bottom up policy yg diagung2kan gaa jalan jga turut gw timnas masuk pildun apa bkn soal tp bina usia muda benah liga lokal lhoo yg utama pak et klo masuk jga cmn bangga pernah catat masuk pildun doang tp generasi main bola ancur2an;positif
bahasa belanda cuci tangan apa;negatif
latih raja judi pssi nya raja olah;positif
yg pas sih liga juara nasional kayak jepang sd sma situ kan pantau yg bagus bagus main mana aja dini;positif
tanya ganti tengah jalan padahal latih gak jelek;positif
pantes kwn nyaman main ;positif
lu belanda lu arsenal lu aman;negatif
latih pk datang jejak pulang jelas lebih parah orang datang pk nyata lebih goblok makanya jangan bola utk politik;positif
hadeh undang pundit kardus si botak;negatif
gw tuju patrick pecat tp gak tuju sty balik ngapain cukk 5thn piala gk dapet diaspora gak lolos grub aff;negatif
kata mau stop omongin timnas mana makan fuck lah;positif
elektabilitas yg yakin dr kmarin sty yakin indonesia masuk pildun tp urgensi indonesia mesti masuk pildun bicara bnyak piala asia kan masuk buat banner quot terimakasih bpak quot;positif
tau tuh kerja pssi ngapain aja padahal exco orang orang kan banyak magabut kesan;positif
bayangin sty ngurus hampir semua umur pk yg notabene tinggal fokus senior doang tinggal nerusin pondasi doang kalang kabut liat bego nya yg ngambil pk kalau gak salah pernah yg bilang latih pk yg sekarang yg baik fakta balik opss jejak digital gak pernah hilang;negatif
klivert ganti justin aja biar tau kualitas justin apa hebat bacot;negatif
males gua nontonnya;negatif
diskusi terlalu berat sorry siapa latih yg utama integritas nasionalis tdk quot beli quot dulu bisnis timnas cuma sampe final aff lalu quot beli quot fans kecewa sekarang mahal bgt masuk ronde4 mati sty lalu bs dpt pundi2 dr sultan2 arab paham sampe sini udahlah capek terlalu jauh diskusi;positif
absolute cema;negatif
pange x ferry irwandi aku jadi counter koci;positif
bro kayak quot lucut quot nih gelontor duit segabrek malah bikin malu quot pusat quot kek kesel banget sama latih rekrut sama bisik pundit nya bikin sesat cuci tangan;positif
rasa main condong kick n rush;positif
patrick stop;positif
ferry liat banget minim wkwkwkk;negatif
udah lah fer gk lu bawa afc u bagai benar seolah2 diaspora fine2 aja ngga sama sekali kompetisi kelompok umur is different cake sm senior kelompok umur lu mgkin perform minim diaspora senior forget it mau ngandelin pemaen liga joget doang sure goodluck;negatif
banyak orang makan media koci kalo ngomongin argumen opini selalu blak2an apa pikir jadi makan empuk buat media2 suka framing asli mah koci selalu dukung semua cuma dukung suka doang kayak towel;positif
prancis jerman cuma turun afrika turki cara kultur tetep prancis jerman;positif
klo negri kuvukiland ketua federasi bisik dungu rakus ngelakuin nyelametin main bintang nya gaduh latih yaaa mungkin takut rembet main kali soal kan bidik main bintang lebih wah soal kan main quot lebih lama quot latih mana harga nya effort nya waaoooww aman tegas legacy nya naturalisasi masif nan mahal market value wooow bikin gaduh kmana yah bentuk tim latih baik bloon gaji buta alias turis filosofi nasional total football alias total annihilation ga nyampe kapasitas main prestasi bagai salah satu kendara politik jadiiiiii dikuvukiland pilih hokage nah cocok buat campaign nih quot siapa mau masuk pilduuuuunnn solid solid solid ehhh quot ambisi pribadi denger denger duluuu isu jadi wakil hokage kenceng banget hehe untung pribadi bisik bisik rakus dungu buzzer golong bawa arus semua gagal mungkin bisik kuvukiland ga terlalu ngerti sepakbola dungu rakus kan kalo sepakbola nilai rating nya nilai sama orang awam liat mana bingung mana capek mana lembek hasil sulit bohong beda sama politik samar samar penuh intrik saling tusuk senyum depan publik alhasil ketua federasi kuvukiland kena batu nya bisik cuci tangan tim latih baik balik eropagakure main cebokin semua kan indonesia aman gogo pildun bruakakakkak;positif
auo orang pssi tum jajar nonton video endengarnya;positif
liga ajar jalan cuman seri nasional arah juara udh juara aja anak baik gak arah saring mana;positif
sty dah bangun filosofi cocok buat pemain2 indo tbtb paksa total football;positif
baik struktur organisasi asprov apa tugas asprov apa sesuai fungsi cuma jadi bancak;positif
org bikin hncur sepak bola indonesia uda tahu cv patrik hacur riwayat judi federasi curacao club pernah tangan patrik hancur lebur justin pundit sesat;negatif
best episode sih tiga nya punya pandang yg jelas meski beda tp inti sama2 sepakbola maju banyak jalan tuju roma tinggal gimana pucuk pimpin mau pilih lewat mana;positif
gregetan gw denger si justin;negatif
emang jastin jujur jastin muka;negatif
klian klo liat fery mcem apa we;positif
budaya giring bola nunduk sruduk sruduk mungkin ciri khas yg kembang mungkin buat keker2 jadi lawan pental klo mau tutup mungkin tendang tendang titik kick off latih nendang bola bowling;positif
wkwkkw;negatif
fer coach inti nya main tengah maen bola cuma intelegensi nya kurang jdi cari main yg iq tinggi coach contoh marselino bagus cuma matang fer analogi nya gin kyk sambung ayam j menang ayam yg punya jalu yg pintar ambil momentnya;negatif
culture opo tho anceloti latih brazil graham arnold latih irak herve renard latih arab culture mana mbok jangan picik;positif
parah pssi benar benar bulunder;positif
bang ferry jadi tum pssi beliau cinta sepakbola energi baru buat sepakbola indonesia depan;positif
bagai tonton netral selalu seru sih bahas debat gas tunggu kongres pssi masa depan gas undang exco moga yg mau;positif
jadi gin piala asia kan biasa awal tahun arti januari arti jadwal international break tahun november tahun depan maret juni september oktober november masing masing bulan match arti kurang lebih match uji coba kalo misal mau ganti latih sekarang waktu tepat sekarang tinggal federasi mau ganti latih;positif
liga smp sma kalian ajar sama dbl nya azrul ananda presiden baya;positif
sekarang coach justin sangat ragu argument nya sisa jargon rendah hati;negatif
kekacaun bikin trauma generasi ragu2 jd main bola main bola sih tetep suka singgung sam orang2 tuh males kalau gw muless;positif
potong kuping gua si tohir cuma citra omong kosong mau baik sepak bola indo naon sen;negatif
tuju jangan lupa peringkat d baik biar main main luar;positif
pk total football ngk cocok ngk total total sty main pntar tik taka total football parkirbus;positif
pastor pk satu gerbong kalau tetep pertahanin sama aja liat muka bintang laut pak botak ga usah gila kelondo londoan bukti ga cocok sama pake sty mending latih lokal aja kalau alex beda ga ikut kabur belanda dong kalau kamu ikut orang yg ga bener kamu bukan;negatif
koci koci orang tua bangka kosong ngeyel;negatif
amiaya8423 saling iring aja koci level dini ksd nya terus ferry pihak buat level yg tengah salah kalo ngeliat peluang bisnis sini salah satu tuju tetep kembang sepak bola indonesia;negatif
inti pecat dulu deh bintang laut habis pikir gimna cari coach yg bagus punya gaya yg cocok ditimnas;positif
againnnnnnn win rate koci nyerah sama ferry;negatif
turnamen fc efootball konami dong;negatif
dear koci latih inggris skrg tuchel bukan orang inggris orang jerman;positif
memang salah satu yg tanggung jawab atas pecat sty ganti latih baru ga usah kelit lu koc semua tau omong lu lama gimana lu yg memang pingin ganti latih timnas kalah jadi china lu pingin quot probabilitas quot tingkat latih baru bukan sty sekarang apa probabilitas taek lu yg malah zonk dah lah ga usah sok an lu ngurusin timnas nonton liga aja ngga sok an ngurusin sepakbola nasional main nasional aja ga lu kenal urusin aja sepakbola luar belanda inggris arsenal apa sana jangan sepakbola negeri yg lu perhatiin sepakbola lokal aja ngga ah f k u lahh;positif
anjay culture jaree;positif
pk out sih wajib;negatif
italy main mana eropa latih apa eropa indonesia mai mana asia peatihnya apa eropa nah lu gak ngeles butuh pelth yg bukan cuman paham main paham sama lawan patrick jangan paham lawan paham peran mai sendiri aja gak padahal sama sama ngomong belanda;positif
standar marzuk;negatif
cuci tang y bersih tin justin;negatif
tahun sty bangun timnas u20 sampe senior semua sukses diinget palkon satu cuma gagal lawan china badut;positif
ingat sejarah gagal kembang sepakbola politik sdh campur siapa urus org luar pssi yg politik;positif
mereka2 ga tau epa epa asti bayar semua banyak main ssb yg nga main bola;positif
arie bener sii turut gw et blunder kejar elektabilitas jadi korban dah;positif
sumpah ngakak koci kok selalu beda beda statmentx video2 yg chanel koci apa gua yg iq jongkok gk menerjemahkanx;negatif
mungkin maksud quot temu rahasia hotel mandarin quot sama bung tio nugraha tepat pacat sty;positif
bayangin tiap kota provinsi milik akademi fasilitas perintah bina sejak dini minimal smp sma sabtu minggu latih bareng kuatin fisik kuatin dasar dasar main sepak bola passing terima bola shooting teknik main jumlah duduk hampir juta orang masa sih gak bibit baik negeri;positif
bulshit culture kochi selalu cuci tangan;negatif
